week,day,conc_ug_mL
-1.0177,-7.124,0.02145
-0.9423,-6.596,0.03333
-0.867,-6.069,0.05639
-0.7917,-5.542,0.0954
-0.7163,-5.014,0.1183
-0.641,-4.487,0.141
-0.5657,-3.96,0.2944
-0.4903,-3.432,0.4761
-0.415,-2.905,0.6115
-0.3397,-2.378,0.7472
-0.2643,-1.85,0.8903
-0.189,-1.323,0.9743
-0.1137,-0.796,1.04
-0.0383,-0.268,1.104
0.037,0.259,2.237
0.1123,0.786,3.006
0.1877,1.314,3.691
0.263,1.841,4.421
0.3383,2.368,4.862
0.4137,2.896,5.189
0.489,3.423,5.538
0.5643,3.95,5.823
0.6397,4.478,5.94
0.715,5.005,6.091
0.7903,5.532,6.091
0.8656,6.06,6.091
0.941,6.587,6.091
1.0163,7.114,6.34
1.0916,7.642,7.554
1.167,8.169,8.267
1.2423,8.696,8.823
1.3176,9.223,9.37
1.393,9.751,9.704
1.4683,10.278,9.851
1.5436,10.805,10.05
1.619,11.333,10.05
1.6943,11.86,10.05
1.7696,12.387,9.95
1.845,12.915,9.753
1.9203,13.442,9.607
1.9956,13.969,9.559
2.071,14.497,10.67
2.1463,15.024,11.62
2.2216,15.551,12.22
2.297,16.079,12.53
2.3723,16.606,12.91
2.4476,17.133,12.91
2.523,17.661,12.91
2.5983,18.188,12.91
2.6736,18.715,12.91
2.7489,19.243,12.65
2.8243,19.77,12.53
2.8996,20.297,12.16
2.9749,20.825,11.98
3.0503,21.352,12.72
3.1256,21.879,13.57
3.2009,22.407,14.2
3.2763,22.934,14.56
3.3516,23.461,14.7
3.4269,23.989,14.78
3.5023,24.516,14.78
3.5776,25.043,14.7
3.6529,25.571,14.7
3.7283,26.098,14.56
3.8036,26.625,14.27
3.8789,27.153,14.13
3.9543,27.68,13.92
4.0296,28.207,14.34
4.1049,28.734,15.38
4.1803,29.262,15.93
4.2556,29.789,16.25
4.3309,30.316,16.58
4.4063,30.844,16.58
4.4816,31.371,16.58
4.5569,31.898,16.58
4.6323,32.426,16.42
4.7076,32.953,16.09
4.7829,33.48,16.09
4.8582,34.008,15.62
4.9336,34.535,15.46
5.0089,35.062,15.46
5.0842,35.59,16.42
5.1596,36.117,17.09
5.2349,36.644,17.52
5.3102,37.172,17.79
5.3856,37.699,17.88
5.5362,38.754,17.79
5.6116,39.281,17.79
5.6869,39.808,17.61
5.7622,40.336,17.26
5.8376,40.863,17.09
5.9129,41.39,16.58
5.9882,41.918,16.42
6.0636,42.445,17.17
6.1389,42.972,17.97
6.2142,43.5,18.61
6.2896,44.027,18.89
6.3649,44.554,18.98
6.5344,45.741,18.89
6.6097,46.268,18.89
6.6851,46.795,18.89
6.7604,47.323,18.42
6.8357,47.85,18.06
6.911,48.377,17.52
6.9864,48.905,17.35
7.0617,49.432,18.33
7.137,49.959,18.98
7.2124,50.487,19.46
7.2877,51.014,19.96
7.363,51.541,20.06
7.4384,52.069,20.06
7.5137,52.596,20.06
7.589,53.123,20.06
7.6644,53.651,19.66
7.7397,54.178,19.46
7.815,54.705,18.98
7.8904,55.233,18.7
7.9657,55.76,18.33
8.041,56.287,18.98
8.1164,56.815,19.86
8.1917,57.342,20.57
8.267,57.869,20.67
8.3424,58.397,20.88
8.493,59.451,20.88
8.5684,59.978,20.67
8.6437,60.506,20.67
8.719,61.033,20.26
8.7944,61.56,20.06
8.8697,62.088,19.46
8.945,62.615,19.17
9.0203,63.142,19.27
9.0957,63.67,20.26
9.171,64.197,20.88
9.2463,64.724,21.3
9.3217,65.252,21.52
9.397,65.779,21.52
9.4723,66.306,21.62
9.5477,66.834,21.41
9.623,67.361,21.3
9.6983,67.888,20.88
9.7737,68.416,20.67
9.849,68.943,20.16
9.9243,69.47,19.76
9.9997,69.998,19.76
10.075,70.525,20.57
10.1503,71.052,21.3
10.2257,71.58,21.95
10.301,72.107,22.06
10.3763,72.634,22.17
10.4517,73.162,22.06
10.527,73.689,22.06
10.6023,74.216,22.06
10.6777,74.744,21.95
10.753,75.271,21.52
10.8283,75.798,21.3
10.9036,76.326,20.77
10.979,76.853,20.67
11.0543,77.38,21.3
11.1296,77.908,21.95
11.205,78.435,22.28
11.2803,78.962,22.73
11.3556,79.489,22.85
11.431,80.017,22.85
11.5063,80.544,22.85
11.5816,81.071,22.73
11.657,81.599,22.62
11.7323,82.126,22.17
11.8076,82.653,21.95
11.883,83.181,21.41
11.9583,83.708,21.09
12.0336,84.235,21.3
12.109,84.763,22.17
12.1843,85.29,22.73
12.2596,85.817,23.19
12.335,86.345,23.54
12.4103,86.872,23.54
12.4856,87.399,23.54
12.561,87.927,23.43
12.6363,88.454,22.85
12.7116,88.981,22.73
12.787,89.509,22.28
12.8623,90.036,21.95
12.9376,90.563,21.3
13.0129,91.091,21.62
13.0883,91.618,22.51
13.1636,92.145,23.19
13.2389,92.673,23.54
13.3143,93.2,23.9
13.3896,93.727,24.14
13.4649,94.255,24.14
13.5403,94.782,23.54
13.6156,95.309,23.54
13.6909,95.837,23.43
13.7663,96.364,22.85
13.8416,96.891,22.51
13.9169,97.419,22.06
13.9923,97.946,22.17
14.0676,98.473,22.85
14.1429,99.001,23.54
14.2183,99.528,23.9
14.2936,100.055,24.26
14.3689,100.582,24.26
14.4443,101.11,24.26
14.5196,101.637,24.26
14.5949,102.164,24.14
14.6703,102.692,23.54
14.7456,103.219,23.54
14.8209,103.746,22.96
14.8962,104.274,22.62
14.9716,104.801,22.28
15.0469,105.328,22.96
15.1222,105.856,23.54
15.1976,106.383,24.26
15.2729,106.91,24.38
15.3482,107.438,24.88
15.4236,107.965,24.88
15.4989,108.492,24.88
15.5742,109.02,24.38
15.6496,109.547,24.26
15.7249,110.074,24.26
15.8002,110.602,23.54
15.8756,111.129,23.31
15.9509,111.656,22.73
16.0262,112.184,23.08
16.1016,112.711,23.9
16.1769,113.238,24.63
16.2522,113.766,25.0
16.3276,114.293,25.0
16.4029,114.82,25.13
16.4782,115.348,25.13
16.5536,115.875,25.0
16.6289,116.402,25.0
16.7042,116.93,24.26
16.7796,117.457,23.9
16.8549,117.984,23.43
16.9302,118.512,22.96
17.0055,119.039,23.43
17.0809,119.566,24.26
17.1562,120.093,24.88
17.2315,120.621,25.13
17.3069,121.148,25.51
17.3822,121.675,25.77
17.4575,122.203,25.77
17.5329,122.73,25.64
17.6082,123.257,25.13
17.6835,123.785,25.0
17.7589,124.312,24.38
17.8342,124.839,24.02
17.9095,125.367,23.43
17.9849,125.894,23.43
18.0602,126.421,24.14
18.1355,126.949,24.88
18.2109,127.476,25.25
18.2862,128.003,25.77
18.3615,128.531,25.77
18.4369,129.058,25.77
18.5122,129.585,25.77
18.5875,130.113,25.25
18.6629,130.64,25.0
18.7382,131.167,24.63
18.8135,131.695,24.14
18.8889,132.222,23.54
18.9642,132.749,23.31
19.0395,133.277,24.14
19.1148,133.804,25.0
19.1902,134.331,25.38
19.2655,134.859,25.77
19.3408,135.386,25.77
19.4162,135.913,25.77
19.4915,136.441,25.77
19.5668,136.968,25.77
19.6422,137.495,25.25
19.7175,138.023,25.0
19.7928,138.55,24.38
19.8682,139.077,24.14
19.9435,139.605,23.66
20.0188,140.132,24.14
20.0942,140.659,25.0
20.1695,141.186,25.38
20.2448,141.714,25.77
20.3202,142.241,25.89
20.3955,142.768,25.89
20.4708,143.296,25.89
20.5462,143.823,25.77
20.6215,144.35,25.77
20.6968,144.878,25.25
20.7722,145.405,25.0
20.8475,145.932,24.38
20.9228,146.46,23.9
20.9981,146.987,24.02
21.0735,147.514,24.88
21.1488,148.042,25.64
21.2241,148.569,25.77
21.2995,149.096,26.02
21.4501,150.151,26.02
21.5255,150.678,25.89
21.6008,151.206,25.77
21.6761,151.733,25.38
21.7515,152.26,25.0
21.8268,152.788,24.38
21.9021,153.315,24.14
21.9775,153.842,24.02
22.0528,154.37,24.88
22.1281,154.897,25.51
22.2035,155.424,25.77
22.2788,155.952,25.89
22.5048,157.534,25.89
22.5801,158.061,25.77
22.6555,158.588,25.77
22.7308,159.116,25.13
22.8061,159.643,24.75
22.8815,160.17,24.26
22.9568,160.697,23.78
23.0321,161.225,24.51
23.1074,161.752,25.0
23.1828,162.279,25.77
23.2581,162.807,25.77
23.3334,163.334,25.89
23.4464,164.125,25.89
23.5218,164.652,25.89
23.5971,165.18,25.77
23.6724,165.707,25.64
23.7478,166.234,25.0
23.8231,166.762,24.63
23.8984,167.289,24.14
